steps_k,calories_burned
22.292192,2537.3538
23.045092,2575.824
10.805866,2020.4994
24.06403,2788.433
10.980309,2034.6952
15.820593,2391.7402
7.901167,1995.86
20.25375,2541.3774
23.637743,2683.1792
5.0632763,1890.1647
23.495756,2614.7935
15.652332,2341.0662
21.996302,2460.3594
15.057451,2353.6782
19.045164,2481.5234
11.876304,2172.6482
22.365187,2687.499
15.199802,2302.1914
8.131341,1944.3783
16.43133,2278.1855
8.201529,1939.683
12.151362,2053.6748
8.829179,1974.1493
21.128767,2530.326
4.422243,1719.3402
8.198381,2000.3961
10.25269,1956.1213
6.5853667,1884.8441
14.585406,2218.6956
2.14169,1687.275
23.885754,2599.0588
3.7311153,1925.6338
22.378315,2612.8547
15.41382,2125.2937
9.765898,1965.4279
20.606424,2452.3394
15.292284,2307.9734
22.791578,2531.7715
14.757176,2279.2334
9.873208,2172.6543
16.589863,2412.4426
10.381436,2125.7378
18.33986,2499.6287
23.767454,2608.7363
20.147684,2493.2607
8.472516,1982.6216
20.138544,2458.6782
15.5576515,2211.9126
19.340103,2421.8025
6.4906917,1871.3123
2.1160526,1727.9657
9.056854,2137.2034
4.6792374,1880.0848
22.936197,2717.7131
16.81236,2292.3215
18.263456,2451.91
17.137003,2235.0962
13.299946,2181.7834
22.499994,2531.4976
5.329094,1871.6357
14.224083,2195.5244
5.650788,1870.1195
17.046047,2355.1045
9.539604,2067.0317
17.023787,2377.9329
11.104073,2101.0251
23.038006,2637.3176
6.683928,1901.47
6.641423,1917.6382
6.641009,1930.8665
23.843592,2650.5234
17.332388,2377.2996
24.565884,2716.3853
4.009323,1779.1619
2.0934246,1726.5969
4.5028167,1878.7167
5.7640758,1906.7445
18.15796,2394.4775
17.617872,2433.513
23.05563,2626.0583
7.561108,1851.2244
5.6603146,1870.7308
19.601648,2444.653
8.851648,2163.7832
20.479624,2573.6592
10.771043,2010.3868
20.078527,2493.2473
4.564868,1901.7505
7.696528,1952.9551
17.006079,2347.734
15.931187,2240.75
10.567974,2031.8313
20.3548,2563.319
21.317806,2536.659
5.1605062,1911.228
7.3605156,2005.3821
24.030111,2600.2085
9.619526,2074.3647
9.423061,2098.0967
2.3726618,1677.2834
6.9142923,1974.5773
16.372742,2447.0366
11.982079,2159.5352
5.1523113,1883.1069
13.769752,2269.7847
5.6445627,1897.4579
3.7434385,1922.2612
7.16738,1991.7732
3.4350612,1761.9277
6.177512,1897.6073
24.995502,2686.031
15.672062,2361.2808
17.043837,2337.2239
2.7741306,1615.8462
5.947101,1983.926
9.672158,2070.7043
15.298267,2208.5232
3.380905,1802.9746
8.54496,1954.7686
6.6153116,1875.0015
13.53187,2246.3567
9.220813,2061.217
12.703098,2233.1772
5.707258,1966.3542
5.606456,1890.8674
6.7908792,1962.6482
9.56358,2073.8906
4.4232697,1660.1744
23.142403,2631.177
11.217664,2125.7637
23.394562,2669.1895
17.083195,2329.8828
3.7618346,1728.0516
21.458405,2687.289
10.3358345,2141.031
9.09175,2053.016
3.9541893,1818.9292
2.0671525,1830.7014
16.790272,2370.2732
10.987896,2144.414
17.977217,2345.3884
4.0623703,1847.9563
22.037935,2551.6174
5.058382,1812.4271
11.5142565,2141.7275
15.902001,2268.3442
19.436895,2388.9631
22.78407,2657.3455
23.976032,2595.6504
4.3813953,1845.2667
16.394173,2216.2603
8.553552,2047.2803
12.239775,2159.2383
4.892364,1845.2976
23.974874,2600.3398
5.0595694,1820.8307
19.646189,2510.0696
17.541555,2437.559
17.236994,2442.0562
7.282569,1930.2056
23.952942,2661.723
16.02713,2394.2354
14.979361,2271.4812
3.3655698,1771.942
18.327568,2518.5125
11.774763,2146.8672
8.231571,2063.1082
23.377886,2689.181
16.063911,2291.0
7.137321,2004.3378
7.6794024,1976.3389
12.9508095,2085.498
19.921154,2485.3906
10.561361,2014.7247
6.938389,2019.2241
9.561907,2000.7849
4.9086394,1821.7296
17.601273,2451.817
22.401463,2609.025
2.6734362,1725.1161
16.170883,2455.8674
19.440805,2438.8767
15.585288,2280.1887
9.404567,2139.0276
19.502335,2523.5996
19.543402,2453.2827
17.800163,2405.606
11.479204,2189.0503
10.454785,2102.8567
14.730281,2348.4358
11.468478,2094.4778
10.072988,2061.97
20.85088,2553.8171
23.383095,2611.993
12.36153,2162.9065
10.925186,2209.083
13.667811,2125.5903
12.813355,2308.5269
16.26473,2322.058
16.722687,2262.2588
3.055047,1696.9352
9.256066,2235.3828
23.184488,2711.2554
17.979881,2460.7695
12.928018,2093.813
6.5665836,2007.294
6.4642415,1877.0161
3.198681,1646.4375
9.751432,2052.0095
17.383598,2469.196
20.83265,2493.7102
18.809519,2375.6262
3.3346436,1711.0321
6.5843315,1927.5348
11.685108,2072.6123
24.62452,2800.08
15.163561,2264.147
10.521836,2116.6006
18.257725,2481.7793
9.119863,2115.9211
6.05656,1986.9517
21.893703,2564.6584
8.270929,1848.2065
11.194633,2031.5757
2.059751,1788.2046
21.196611,2558.4114
22.2128,2595.0566
17.691154,2416.085
5.4813466,1888.3278
2.150191,1772.4117
4.1599417,1829.813
22.075552,2591.7065
19.021215,2471.178
23.177301,2528.6077
19.524504,2372.9417
16.41056,2324.8535
13.387384,2220.1333
4.7541804,1885.6549
3.64712,1678.358
2.7434907,1758.9174
18.207663,2433.4517
7.853868,2036.3507
11.1855955,2067.164
6.8816895,1846.0901
11.404429,2119.3594
5.4058986,1825.1924
5.9857197,2023.4923
17.314674,2389.0164
10.082241,2188.406
20.599447,2451.0999
9.810699,1981.6394
5.063977,1713.0652
11.470952,2171.2446
7.9254045,1985.1166
9.981672,2035.9257
2.5520506,1793.418
19.934145,2564.0671
5.4936476,1901.9249
19.280104,2434.4504
18.71852,2621.7124
21.715977,2583.5803
4.678901,1910.0205
21.770763,2541.9841
8.063356,1976.3843
17.767296,2400.7542
24.299818,2566.3691
11.878134,2120.943
13.411065,2250.715
10.852348,2150.1885
3.897678,1811.3807
19.018883,2391.0662
2.0837445,1699.2246
20.639198,2477.383
22.10459,2561.5098
24.375624,2627.04
10.787385,2077.991
4.051118,1823.3386
16.085548,2406.704
19.852913,2489.8616
2.0539494,1685.2822
10.889688,2089.0037
6.606262,1977.4655
12.494167,2124.907
7.839545,1917.5442
8.799172,2057.4695
9.849223,2065.8137
2.5715036,1676.118
22.935837,2565.8674
23.140808,2630.1575
11.696006,1981.8475
12.190356,2189.0332
8.806621,2143.543
3.1147776,1692.9106
2.3088393,1738.5026
17.774073,2510.5945
7.1859694,1956.1989
6.1069145,1954.602
12.602734,2271.368
9.670372,2100.5767
9.779511,2051.7532
13.869509,2296.6345
11.060707,2089.2483
9.540407,2090.5945
7.993732,1967.6257
4.140985,1784.5845
23.142832,2610.3481
8.897848,2036.6809
16.547264,2263.9824
9.509892,2075.644
14.4345045,2285.2568
24.221455,2633.381
18.798311,2493.4922
3.5341036,1753.4554
18.064383,2378.0247
24.416292,2591.6711
16.52546,2414.0276
21.209885,2392.104
24.837708,2661.762
11.737866,2179.3904
15.886876,2248.3337
5.5070963,1881.5187
11.130114,2050.9038
22.016714,2589.265
19.395428,2415.5017
6.222926,1967.7231
4.278322,1842.1637
5.641318,1962.336
2.1509066,1739.7651
4.6261516,1736.9517
10.65608,2237.1575
21.261087,2500.039
15.424896,2305.2249
4.7530375,1872.7476
4.274425,1907.8928
19.220966,2546.2676
4.945825,1812.5524
12.084034,2134.8523
19.016619,2418.9333
8.177661,1913.3683
12.246041,2125.4587
12.498988,2166.187
10.779291,2112.4004
7.6691303,1956.6486
3.2484589,1779.8448
4.2038946,1858.2924
7.3421907,2023.9076
24.607134,2644.8242
7.945331,2009.225
5.777428,1799.6143
16.287533,2331.4895
16.66952,2317.5977
19.800962,2500.6877
22.241385,2571.135
19.904053,2550.642
2.0977387,1784.9171
14.519919,2251.1182
20.46616,2498.8887
12.437107,2259.3872
6.7232895,2062.685
24.463408,2574.7122
9.19868,2026.1438
6.952538,2015.999
3.1321168,1765.265
14.013685,2347.1543
18.596031,2553.8025
16.045673,2274.9204
15.774122,2201.0864
4.7785444,1707.2452
2.7602968,1789.7089
13.702508,2199.5574
23.986092,2689.7039
20.134596,2341.657
6.804306,1917.7976
12.007202,2132.2944
5.022389,1803.6735
7.952131,2006.6324
15.582631,2228.0586
19.762192,2474.9211
23.026247,2554.015
2.94178,1869.2588
21.189075,2450.402
5.3891406,1798.0554
17.806374,2366.5105
23.231821,2572.6694
13.661488,2120.796
23.962803,2491.0344
3.701408,1894.633
9.10747,1997.5471
20.207409,2487.2947
10.99452,2087.8286
11.145947,2063.9556
8.706896,1993.895
21.427021,2609.7346
19.140787,2429.294
17.185175,2270.3918
7.037418,1893.5095
4.16488,1848.2463
14.743847,2352.8474
16.907207,2413.4768
8.190313,2052.5051
10.282327,1926.4553
21.26673,2564.1487
14.416086,2377.376
14.018861,2310.5718
10.669844,2171.4666
3.0857184,1768.465
2.6870396,1777.8286
8.002827,1962.3428
7.654304,2004.6265
17.082867,2476.071
10.152226,2179.8804
9.000946,2000.9873
24.464443,2628.6953
17.505713,2288.6416
21.698376,2559.1648
7.9327035,2061.162
8.802631,2086.6653
17.726715,2338.0955
5.837836,1858.1287
5.9824033,1922.277
12.944553,2182.489
9.293752,1951.4724
4.878933,1897.143
20.321327,2481.5747
22.747873,2600.136
15.365568,2377.1694
11.497698,2189.3965
2.8478606,1707.1492
9.3112545,2066.4
16.427734,2364.539
18.922606,2435.8298
12.046199,2231.3699
8.953443,2053.57
19.9081,2460.9553
4.3414035,1817.4125
20.768208,2495.8035
9.03852,2075.5737
13.676012,2145.5452
11.227418,2179.5117
14.894248,2321.0693
10.024718,2094.2627
21.86196,2606.5056
13.201033,2264.1638
22.476894,2637.338
24.557026,2695.9888
7.897304,1918.3434
5.1106453,1928.4558
22.726473,2642.452
22.51156,2613.4343
4.719206,1809.8844
12.611012,2216.6594
2.1595476,1689.2792
4.08611,1917.9283
15.721139,2199.6096
16.559399,2432.7676
15.937782,2308.0342
10.370106,2107.6477
24.109644,2757.2275
15.144246,2263.5618
6.714025,1914.8693
12.848941,2287.2483
16.26167,2330.8127
17.527216,2459.8926
5.3685703,1884.8176
17.81008,2357.0232
7.624861,1918.9744
3.9441857,1900.556
7.2186146,1892.8894
24.590708,2653.4556
23.330864,2653.4504
23.79807,2733.419
20.25063,2601.0698
22.18767,2535.8022
11.960728,2294.4456
7.1723795,1909.0344
19.24605,2487.7231
7.5408983,2047.7056
5.7390428,1834.832
9.827659,2007.6711
15.913382,2316.833
19.42016,2440.454
9.033297,1983.0923
6.7314873,1827.6088
15.0512705,2258.8188
6.7215185,1905.4127
6.0127935,1868.1823
19.494396,2435.733
11.568177,2210.4695
24.008528,2673.962
24.687,2635.461
16.939714,2308.6099
17.457813,2392.4243
16.148262,2429.8242
13.6801,2263.4548
12.663577,2146.7224
13.658057,2274.609
17.794384,2442.8083
24.192364,2663.7217
10.5196705,2067.1418
8.638768,1957.3538
