model,MSE,RMSE,MAE,R2
Linear (Baseline),906332352.0,30105.354208180313,23431.009765625,0.8146783113479614
NN v1,751097664.0,27406.161059148726,19634.431640625,0.8464198112487793
NN v2,655376064.0,25600.313748077384,18148.833984375,0.8659924268722534
NN v3 (Wide),614819584.0,24795.555730815955,17745.767578125,0.8742852210998535
NN v4 (Pyramid),754257536.0,27463.749489099264,20345.8671875,0.8457736968994141
NN v3 (Tune: lr=0.001),439055936.0,20953.661637050456,14825.6748046875,0.9102243185043335
NN v3 (Tune: Dropout=0.05),445718656.0,21112.05001888732,15186.654296875,0.9088619947433472
NN v3 (Tune: weight_decay=0.1),564163840.0,23752.133377867343,18037.126953125,0.8846429586410522
NN v3 (Tune: epochs=50),433523488.0,20821.22686106657,14866.7705078125,0.9113555550575256
